Workbook

Sheet Summary
A1: NETSAGE AI
A2: AI-Assisted Cisco Network Troubleshooting — Project Dashboard
A4: PROJECT OVERVIEW
A5: Total Cases | B5: AI Diagnoses | C5: Human Reviews | D5: Agreement Rate | E5: Categories Covered
A6: =COUNTA(Cases!A2:A31) -> 30 | B6: =COUNTA(AI_Diagnoses!A2:A31) -> 30 | C6: =COUNTA(Human_Review!A2:A31) -> 30 | D6: =COUNTIF(Human_Review!$F$2:$F$31,"Accepted")/COUNTA(Human_Review!A2:A31) -> 0.83333333 | E6: =COUNTIF(B10:B17,">0") -> 8
A8: CASES BY CATEGORY
A9: Category | B9: Count
A10: ACL | B10: =COUNTIF(Cases!$B$2:$B$31,A10) -> 4
A11: DHCP | B11: =COUNTIF(Cases!$B$2:$B$31,A11) -> 3
A12: DNS | B12: =COUNTIF(Cases!$B$2:$B$31,A12) -> 3
A13: Gateway | B13: =COUNTIF(Cases!$B$2:$B$31,A13) -> 3
A14: NAT | B14: =COUNTIF(Cases!$B$2:$B$31,A14) -> 4
A15: Routing | B15: =COUNTIF(Cases!$B$2:$B$31,A15) -> 5
A16: VLAN | B16: =COUNTIF(Cases!$B$2:$B$31,A16) -> 4
A17: Wireless | B17: =COUNTIF(Cases!$B$2:$B$31,A17) -> 4
A18: Total | B18: =SUM(B10:B17) -> 30
A19: CASES BY SEVERITY
A20: Severity | B20: Count
A21: High | B21: =COUNTIF(Cases!$I$2:$I$31,A21) -> 15
A22: Medium | B22: =COUNTIF(Cases!$I$2:$I$31,A22) -> 13
A23: Low | B23: =COUNTIF(Cases!$I$2:$I$31,A23) -> 2
A25: AI vs HUMAN REVIEW
A26: Verdict | B26: Count
A27: Accepted | B27: =COUNTIF(Human_Review!$F$2:$F$31,A27) -> 25
A28: Edited | B28: =COUNTIF(Human_Review!$F$2:$F$31,A28) -> 5
A29: Rejected | B29: =COUNTIF(Human_Review!$F$2:$F$31,A29) -> 0
A30: Total reviewed | B30: =SUM(B27:B29) -> 30
A31: AI CONFIDENCE
A32: Confidence | B32: Count
A33: High | B33: =COUNTIF(AI_Diagnoses!$D$2:$D$31,A33) -> 28
A34: Medium | B34: =COUNTIF(AI_Diagnoses!$D$2:$D$31,A34) -> 2
A35: Low | B35: =COUNTIF(AI_Diagnoses!$D$2:$D$31,A35) -> 0
A36: Total | B36: =SUM(B33:B35) -> 30

Sheet Cases
A1: case_id | B1: category | C1: symptom | D1: topology_note | E1: show_command_output | F1: expected_fault | G1: osi_layer | H1: concept_tag | I1: severity
A2: C001 | B2: VLAN | C2: PC1 (Fa0/1, VLAN 10) cannot ping its own default gateway 192.168.10.1. | D2: SW1 access switch, Fa0/1 assigned to PC1, uplink to R1 sub-interface Gi0/0.10 for VLAN 10. | E2: SW1# show vlan brief VLAN Name Status Ports 1 default active Fa0/1, Fa0/2, Fa0/3 10 SALES active Fa0/5 SW1# show interfaces fa0/1 switchport Administrative Mode: static access Operational Mode: static access Access Mode VLAN: 1 (default) | F2: Fa0/1 is still in VLAN 1 (default) instead of VLAN 10, so PC1 is on the wrong broadcast domain and cannot reach the VLAN 10 gateway. | G2: Layer 2 | H2: vlan-membership | I2: High
A3: C002 | B3: VLAN | C3: Hosts in VLAN 20 on SW2 cannot reach hosts in VLAN 20 on SW1 across the trunk. | D3: SW1 <-> SW2 trunk on Gi0/1, VLAN 10 and VLAN 20 exist on both switches. | E3: SW1# show interfaces trunk Port Mode Encapsulation Status Native vlan Gi0/1 on 802.1q trunking 1 Vlans allowed on trunk: 1,10 | F3: VLAN 20 is missing from the trunk's allowed VLAN list ('switchport trunk allowed vlan' does not include 20), so VLAN 20 traffic is dropped at the trunk. | G3: Layer 2 | H3: trunk-allowed-vlan | I3: High
A4: C003 | B4: VLAN | C4: PC on Fa0/8 receives a DHCP address from the wrong subnet (192.168.10.x instead of 192.168.30.x). | D4: Fa0/8 is meant to be in VLAN 30, DHCP relay (ip helper-address) configured on router sub-interfaces. | E4: SW1# show interfaces fa0/8 switchport Access Mode VLAN: 10 (SALES) R1# show run interface gi0/0.30 interface GigabitEthernet0/0.30 encapsulation dot1Q 30 ip address 192.168.30.1 255.255.255.0 ip helper-address 192.168.100.10 | F4: Fa0/8 was assigned to VLAN 10 instead of VLAN 30 by mistake, so the DHCP request is relayed using the VLAN 10 sub-interface's helper scope. | G4: Layer 2 | H4: vlan-membership | I4: Medium
A5: C004 | B5: VLAN | C5: CDP native VLAN mismatch warning appears in the switch log between SW1 and SW2. | D5: Trunk between SW1 Gi0/1 and SW2 Gi0/1. | E5: SW1# show interfaces gi0/1 trunk Native vlan: 1 SW2# show interfaces gi0/1 trunk Native vlan: 99 %CDP-4-NATIVE_VLAN_MISMATCH: Native VLAN mismatch discovered on GigabitEthernet0/1 | F5: The trunk's native VLAN is set to 1 on SW1 and 99 on SW2 — a mismatched native VLAN, which risks VLAN leakage for untagged frames. | G5: Layer 2 | H5: native-vlan-mismatch | I5: Medium
A6: C005 | B6: Gateway | C6: PC2 has a valid IP (192.168.10.25/24) but cannot reach any device outside its subnet. | D6: PC2 static IP configuration, gateway should be 192.168.10.1. | E6: PC2> ipconfig IP Address: 192.168.10.25 Subnet Mask: 255.255.255.0 Default Gateway: 192.168.10.10 | F6: Default gateway is typo'd as 192.168.10.10 instead of the router's actual interface address 192.168.10.1. | G6: Layer 3 | H6: gateway-misconfig | I6: High
A7: C006 | B7: Gateway | C7: All hosts in VLAN 10 lost gateway connectivity at the same time. | D7: L3 switch SW1 provides the VLAN 10 SVI as the gateway. | E7: SW1# show ip interface brief Interface IP-Address Status Protocol Vlan10 192.168.10.1 down down | F7: SVI 'interface vlan 10' is administratively down (no shutdown missing), taking down the gateway for the whole VLAN. | G7: Layer 3 | H7: svi-down | I7: High
A8: C007 | B8: Gateway | C8: Gateway is intermittently unreachable; standby router sometimes answers instead of the active one. | D8: R1 and R2 run HSRP for VLAN 10 virtual gateway 192.168.10.1. | E8: R1# show standby brief Interface Grp Pri State Active Standby Gi0/0.10 10 100 Active local R2 R2# show standby brief Interface Grp Pri State Active Standby Gi0/0.10 10 110 Active local unknown | F8: Both R1 and R2 report themselves as Active for HSRP group 10 (priority/preempt misconfiguration), causing an active/active split and intermittent gateway failures. | G8: Layer 3 | H8: hsrp-split-brain | I8: High
A9: C008 | B9: DHCP | C9: New PCs joining VLAN 10 fail to get an IP address; existing PCs are fine. | D9: R1 is the DHCP server for pool SALES_POOL, network 192.168.10.0/24. | E9: R1# show ip dhcp pool SALES_POOL Pool SALES_POOL: Address range: 192.168.10.10 - 192.168.10.14 Leased addresses: 5 Pending event: none R1# show ip dhcp conflict (none) | F9: The DHCP pool's address range (only 5 usable addresses) is exhausted; the pool needs a larger range or the network/exclude statements corrected. | G9: Layer 7 (application/service) | H9: dhcp-pool-exhaustion | I9: Medium
A10: C009 | B10: DHCP | C10: Hosts in VLAN 20 never receive a DHCP offer even though the DHCP server lives in VLAN 10. | D10: R1 is L3 gateway for both VLANs; DHCP server is a Windows server host in VLAN 10. | E10: R1# show run interface gi0/0.20 interface GigabitEthernet0/0.20 encapsulation dot1Q 20 ip address 192.168.20.1 255.255.255.0 ! (no ip helper-address configured) | F10: 'ip helper-address' pointing at the DHCP server is missing on the VLAN 20 sub-interface, so DHCP broadcasts from VLAN 20 are never relayed to the server. | G10: Layer 3 | H10: dhcp-relay-missing | I10: High
A11: C010 | B11: DHCP | C11: Clients get an IP address and mask but no internet or inter-VLAN access. | D11: R1 DHCP pool SALES_POOL for VLAN 10. | E11: R1# show run | section dhcp pool SALES_POOL ip dhcp pool SALES_POOL network 192.168.10.0 255.255.255.0 dns-server 8.8.8.8 ! (no default-router configured) | F11: The DHCP pool has no 'default-router' statement, so clients never learn a gateway address even though addressing works. | G11: Layer 3 | H11: dhcp-missing-gateway-option | I11: Medium
A12: C011 | B12: DNS | C12: PC can ping 8.8.8.8 by IP but 'ping google.com' fails to resolve. | D12: PC gets DNS server address via static config. | E12: PC1> ipconfig /all DNS Server: 192.168.10.200 PC1> ping 192.168.10.200 Request timed out. (4/4 lost) | F12: The configured DNS server address (192.168.10.200) does not correspond to a real DNS server on the network, so all name resolution fails while raw IP connectivity works. | G12: Layer 7 (application) | H12: wrong-dns-server | I12: Medium
... A31: C030 | B31: Wireless | C31: Wireless users near the edge of the building report frequent drops and slow speeds, worse near a specific hallway. | D31: Two APs (AP1, AP2) cover overlapping areas of the same floor. | E31: AP1# show controllers dot11radio 0 | include Channel Channel: 6 AP2# show controllers dot11radio 0 | include Channel Channel: 6 | F31: AP1 and AP2 are both set to channel 6 in an overlapping coverage area, causing co-channel interference and degraded performance rather than a hard outage. | G31: Layer 1 | H31: channel-overlap-interference | I31: Low

Sheet AI_Diagnoses
A1: case_id | B1: root_cause | C1: osi_layer | D1: confidence | E1: evidence | F1: next_command | G1: fix_steps | H1: parse_status
A2: C001 | B2: Fa0/1 is assigned to VLAN 1 rather than VLAN 10, placing PC1 in the wrong VLAN. | C2: Layer 2 | D2: High | E2: show vlan brief lists Fa0/1 under VLAN 1; show interfaces fa0/1 switchport reports Access Mode VLAN: 1 (default). | F2: show interfaces fa0/1 switchport | G2: Enter interface configuration for Fa0/1; Set Fa0/1 as an access port; Assign Fa0/1 to VLAN 10; Verify that Fa0/1 reports Access Mode VLAN: 10. | H2: ok
A3: C002 | B3: VLAN 20 is not allowed on the SW1 Gi0/1 trunk, so VLAN 20 traffic cannot traverse this trunk from SW1 to SW2. | C3: Layer 2 | D3: High | E3: SW1# show interfaces trunk reports "Vlans allowed on trunk: 1,10", while the topology note states that VLAN 20 exists on both switches. | F3: show interfaces trunk | G3: Configure the Gi0/1 trunk on SW1 to allow VLAN 20.,Verify that VLAN 20 appears in the trunk's allowed VLAN list.,Verify the corresponding trunk configuration on SW2. | H3: ok
A4: C003 | B4: Fa0/8 is assigned to VLAN 10 instead of the intended VLAN 30, so the PC's DHCP request enters the wrong VLAN and can receive an address from the 192.168.10.x subnet. | C4: Layer 2 | D4: High | E4: SW1 show interfaces fa0/8 switchport reports Access Mode VLAN: 10 (SALES), while R1 Gi0/0.30 is configured for VLAN 30 with IP address 192.168.30.1/24 and a DHCP helper. | F4: show interfaces fa0/8 switchport | G4: Configure Fa0/8 as an access port; Assign Fa0/8 to VLAN 30; Verify that Fa0/8 reports Access Mode VLAN: 30; Test DHCP again from the PC. | H4: ok
A5: C004 | B5: The native VLAN is mismatched between the two ends of the trunk: SW1 Gi0/1 uses native VLAN 1 while SW2 Gi0/1 uses native VLAN 99. | C5: Layer 2 | D5: High | E5: SW1 show interfaces gi0/1 trunk reports Native vlan: 1; SW2 reports Native vlan: 99; CDP reports NATIVE_VLAN_MISMATCH on GigabitEthernet0/1. | F5: show interfaces gi0/1 trunk | G5: Configure the same native VLAN on both ends of the trunk; Verify SW1 Gi0/1 and SW2 Gi0/1 show the same Native VLAN; Confirm the CDP native VLAN mismatch warning is cleared. | H5: ok
A6: C005 | B6: PC2 has an incorrect default gateway. Its gateway is configured as 192.168.10.10, but the topology note states that the gateway should be 192.168.10.1. | C6: Layer 3 | D6: High | E6: PC2 ipconfig shows IP Address: 192.168.10.25, Subnet Mask: 255.255.255.0, and Default Gateway: 192.168.10.10; the topology note specifies the gateway should be 192.168.10.1. | F6: ipconfig | G6: Change PC2's default gateway to 192.168.10.1; Verify the IP configuration; Test connectivity to a device outside the 192.168.10.0/24 subnet. | H6: ok
A7: C006 | B7: The VLAN 10 SVI on SW1 is down/down, so it cannot provide gateway connectivity to hosts in VLAN 10. The output confirms the SVI is not operational, but does not identify why it is down. | C7: Layer 3 | D7: High | E7: SW1 show ip interface brief reports Vlan10 192.168.10.1 with Status: down and Protocol: down. | F7: show interfaces vlan10 | G7: Check why the VLAN 10 SVI is down; Ensure VLAN 10 has an active Layer 2 presence; Verify Vlan10 status/protocol become up/up; Test gateway connectivity from a VLAN 10 host. | H7: ok
A8: C007 | B8: HSRP is in an inconsistent state because both R1 and R2 report themselves as Active for group 10. This can cause both routers to answer for the virtual gateway and produce intermittent gateway connectivity. | C8: Layer 3 | D8: High | E8: R1 show standby brief reports State: Active, Active: local, Standby: R2; R2 reports State: Active, Active: local, Standby: unknown. | F8: show standby gi0/0.10 | G8: Check the detailed HSRP state and configuration on Gi0/0.10; Ensure R1 and R2 can exchange HSRP hello messages; Verify the intended HSRP priority and active/standby roles; Confirm only one router is Active for group 10. | H8: ok
A9: C008 | B9: The DHCP pool SALES_POOL has only five addresses available, from 192.168.10.10 to 192.168.10.14, and all five are already leased. New PCs therefore have no available address in this pool. | C9: Layer 7 | D9: High | E9: show ip dhcp pool SALES_POOL reports Address range: 192.168.10.10 - 192.168.10.14 and Leased addresses: 5; show ip dhcp conflict reports none. | F9: show ip dhcp pool SALES_POOL | G9: Expand the available DHCP address range or configure an additional suitable DHCP pool; Verify that free addresses are available; Test DHCP from a new PC. | H9: ok
A10: C009 | B10: The VLAN 20 router sub-interface has no DHCP relay configuration, so DHCP broadcasts from VLAN 20 cannot be forwarded to the DHCP server in VLAN 10. | C10: Layer 3 | D10: High | E10: R1 show run interface gi0/0.20 shows encapsulation dot1Q 20 and IP address 192.168.20.1/24, but no ip helper-address is configured. | F10: show run interface gi0/0.20 | G10: Configure an ip helper-address on Gi0/0.20 pointing to the DHCP server; Verify the helper address is present; Renew the DHCP lease on a VLAN 20 host and test again. | H10: ok
A11: C010 | B11: The DHCP pool SALES_POOL does not provide a default gateway to clients. Without a default-router option, clients can receive an IP address and subnet mask but lack the gateway needed for inter-VLAN or internet access. | C11: Layer 3 | D11: High | E11: show run | section dhcp pool SALES_POOL shows network 192.168.10.0 255.255.255.0 and dns-server 8.8.8.8, but no default-router configured. | F11: show run | section dhcp pool SALES_POOL | G11: Configure the appropriate default-router in SALES_POOL; Verify the default-router option is present; Renew the client DHCP lease; Test inter-VLAN and internet connectivity. | H11: ok
A12: C011 | B12: The configured DNS server 192.168.10.200 is unreachable from PC1, so DNS name resolution fails even though IP connectivity works. | C12: Layer 7 | D12: High | E12: PC1 ipconfig /all shows DNS Server: 192.168.10.200; ping 192.168.10.200 returns Request timed out (4/4 lost). | F12: ping 192.168.10.200 | G12: Verify connectivity to the DNS server; Correct the DNS server configuration or restore reachability to 192.168.10.200; Test ping google.com again. | H12: ok
... A31: C030 | B31: AP1 and AP2 are operating on the same Wi-Fi channel (channel 6), which can cause co-channel interference in their overlapping coverage area and contribute to drops and reduced performance. | C31: Layer 1 | D31: Medium | E31: AP1 show controllers dot11radio 0 reports Channel: 6"; AP2 reports "Channel: 6". The overlapping coverage and same-channel operation are consistent with co-channel interference | F31: but the output does not prove interference is the actual cause." | G31: show controllers dot11radio 0 | include Channel | H31: ok

Sheet Human_Review
A1: case_id | B1: category | C1: ai_root_cause | D1: ai_confidence | E1: expected_fault | F1: verdict | G1: reviewer_explanation
A2: C001 | B2: VLAN | C2: Fa0/1 is assigned to VLAN 1 rather than VLAN 10, placing PC1 in the wrong VLAN. | D2: High | E2: Fa0/1 is still in VLAN 1 (default) instead of VLAN 10, so PC1 is on the wrong broadcast domain and cannot reach the VLAN 10 gateway. | F2: Accepted | G2: AI root cause matched the expected fault, confidence was justified by the evidence given, and next_command added real diagnostic value. No changes needed.
A3: C002 | B3: VLAN | C3: VLAN 20 is not allowed on the SW1 Gi0/1 trunk, so VLAN 20 traffic cannot traverse this trunk from SW1 to SW2. | D3: High | E3: VLAN 20 is missing from the trunk's allowed VLAN list ('switchport trunk allowed vlan' does not include 20), so VLAN 20 traffic is dropped at the trunk. | F3: Accepted | G3: AI root cause matched the expected fault, confidence was justified by the evidence given, and next_command added real diagnostic value. No changes needed.
A4: C003 | B4: VLAN | C4: Fa0/8 is assigned to VLAN 10 instead of the intended VLAN 30, so the PC's DHCP request enters the wrong VLAN and can receive an address from the 192.168.10.x subnet. | D4: High | E4: Fa0/8 was assigned to VLAN 10 instead of VLAN 30 by mistake, so the DHCP request is relayed using the VLAN 10 sub-interface's helper scope. | F4: Accepted | G4: AI root cause matched the expected fault, confidence was justified by the evidence given, and next_command added real diagnostic value. No changes needed.
A5: C004 | B5: VLAN | C5: The native VLAN is mismatched between the two ends of the trunk: SW1 Gi0/1 uses native VLAN 1 while SW2 Gi0/1 uses native VLAN 99. | D5: High | E5: The trunk's native VLAN is set to 1 on SW1 and 99 on SW2 — a mismatched native VLAN, which risks VLAN leakage for untagged frames. | F5: Accepted | G5: AI root cause matched the expected fault, confidence was justified by the evidence given, and next_command added real diagnostic value. No changes needed.
A6: C005 | B6: Gateway | C6: PC2 has an incorrect default gateway. Its gateway is configured as 192.168.10.10, but the topology note states that the gateway should be 192.168.10.1. | D6: High | E6: Default gateway is typo'd as 192.168.10.10 instead of the router's actual interface address 192.168.10.1. | F6: Accepted | G6: AI root cause matched the expected fault, confidence was justified by the evidence given, and next_command added real diagnostic value. No changes needed.
A7: C006 | B7: Gateway | C7: The VLAN 10 SVI on SW1 is down/down, so it cannot provide gateway connectivity to hosts in VLAN 10. The output confirms the SVI is not operational, but does not identify why it is down. | D7: High | E7: SVI 'interface vlan 10' is administratively down (no shutdown missing), taking down the gateway for the whole VLAN. | F7: Edited | G7: AI marked confidence as High but its own root_cause text admits it 'does not identify why it is down' -- that's an internal inconsistency. The raw evidence only shows Status: down / Protocol: down, not 'administratively down', so the shutdown cause isn't actually confirmed yet. Reviewer downgraded confidence to Medium and changed next_command to 'show running-config interface vlan10' to check for a shutdown statement before assuming that's the cause.
A8: C007 | B8: Gateway | C8: HSRP is in an inconsistent state because both R1 and R2 report themselves as Active for group 10. This can cause both routers to answer for the virtual gateway and produce intermittent gateway connectivity. | D8: High | E8: Both R1 and R2 report themselves as Active for HSRP group 10 (priority/preempt misconfiguration), causing an active/active split and intermittent gateway failures. | F8: Accepted | G8: AI root cause matched the expected fault, confidence was justified by the evidence given, and next_command added real diagnostic value. No changes needed.
A9: C008 | B9: DHCP | C9: The DHCP pool SALES_POOL has only five addresses available, from 192.168.10.10 to 192.168.10.14, and all five are already leased. New PCs therefore have no available address in this pool. | D9: High | E9: The DHCP pool's address range (only 5 usable addresses) is exhausted; the pool needs a larger range or the network/exclude statements corrected. | F9: Accepted | G9: AI root cause matched the expected fault, confidence was justified by the evidence given, and next_command added real diagnostic value. No changes needed.
A10: C009 | B10: DHCP | C10: The VLAN 20 router sub-interface has no DHCP relay configuration, so DHCP broadcasts from VLAN 20 cannot be forwarded to the DHCP server in VLAN 10. | D10: High | E10: 'ip helper-address' pointing at the DHCP server is missing on the VLAN 20 sub-interface, so DHCP broadcasts from VLAN 20 are never relayed to the server. | F10: Accepted | G10: AI root cause matched the expected fault, confidence was justified by the evidence given, and next_command added real diagnostic value. No changes needed.
A11: C010 | B11: DHCP | C11: The DHCP pool SALES_POOL does not provide a default gateway to clients. Without a default-router option, clients can receive an IP address and subnet mask but lack the gateway needed for inter-VLAN or internet access. | D11: High | E11: The DHCP pool has no 'default-router' statement, so clients never learn a gateway address even though addressing works. | F11: Accepted | G11: AI root cause matched the expected fault, confidence was justified by the evidence given, and next_command added real diagnostic value. No changes needed.
A12: C011 | B12: DNS | C12: The configured DNS server 192.168.10.200 is unreachable from PC1, so DNS name resolution fails even though IP connectivity works. | D12: High | E12: The configured DNS server address (192.168.10.200) does not correspond to a real DNS server on the network, so all name resolution fails while raw IP connectivity works. | F12: Edited | G12: Root cause is correct (wrong DNS server IP). But next_command just repeats the ping command whose result (4/4 lost) was already given as evidence -- it adds nothing new. Reviewer changed next_command to 'show ip dhcp binding' to confirm what DNS address clients are actually being handed, which is more useful for the actual fix.
... A31: C030 | B31: Wireless | C31: AP1 and AP2 are operating on the same Wi-Fi channel (channel 6), which can cause co-channel interference in their overlapping coverage area and contribute to drops and reduced performance. | D31: Medium | E31: AP1 and AP2 are both set to channel 6 in an overlapping coverage area, causing co-channel interference and degraded performance rather than a hard outage. | F31: Accepted | G31: AI root cause matched the expected fault, confidence was justified by the evidence given, and next_command added real diagnostic value. No changes needed.
